Workbook

Sheet Start Here
A2: Freelancer Invoice & Late-Payment Toolkit
A4: How to use this workbook:
A5: 1. Log every invoice on the 'Invoice Log' tab the day you send it — due date and amount are required for the Status column to work.
A6: 2. When a client pays, fill in 'Date Paid' — the Status column automatically flips to Paid and stops counting days overdue.
A7: 3. Check the 'Reminder Dashboard' tab any time to see total outstanding, how many invoices are overdue, and which reminder stage each one is due for (see the PDF guide for the actual email scripts).
A8: 4. Use the 'Invoice Template' tab as a ready-to-fill invoice for a new client — it calculates the subtotal, tax, and total automatically.
A10: This workbook is a tracking and reminder-timing tool, not accounting or invoicing software — it doesn't send invoices or file anything. It exists so you always know, at a glance, what's outstanding and what to do about it.

Sheet Invoice Log
A1: Date Sent | B1: Client | C1: Invoice # | D1: Description | E1: Amount | F1: Due Date | G1: Date Paid | H1: Status | I1: Days Overdue
H2: =IF(G2<>"","Paid",IF(AND(F2<>"",F2<TODAY()),"Overdue",IF(F2<>"","Upcoming",""))) | I2: =IF(AND(G2="",F2<>"",F2<TODAY()),TODAY()-F2,"")
H3: =IF(G3<>"","Paid",IF(AND(F3<>"",F3<TODAY()),"Overdue",IF(F3<>"","Upcoming",""))) | I3: =IF(AND(G3="",F3<>"",F3<TODAY()),TODAY()-F3,"")
H4: =IF(G4<>"","Paid",IF(AND(F4<>"",F4<TODAY()),"Overdue",IF(F4<>"","Upcoming",""))) | I4: =IF(AND(G4="",F4<>"",F4<TODAY()),TODAY()-F4,"")
H5: =IF(G5<>"","Paid",IF(AND(F5<>"",F5<TODAY()),"Overdue",IF(F5<>"","Upcoming",""))) | I5: =IF(AND(G5="",F5<>"",F5<TODAY()),TODAY()-F5,"")
H6: =IF(G6<>"","Paid",IF(AND(F6<>"",F6<TODAY()),"Overdue",IF(F6<>"","Upcoming",""))) | I6: =IF(AND(G6="",F6<>"",F6<TODAY()),TODAY()-F6,"")
H7: =IF(G7<>"","Paid",IF(AND(F7<>"",F7<TODAY()),"Overdue",IF(F7<>"","Upcoming",""))) | I7: =IF(AND(G7="",F7<>"",F7<TODAY()),TODAY()-F7,"")
H8: =IF(G8<>"","Paid",IF(AND(F8<>"",F8<TODAY()),"Overdue",IF(F8<>"","Upcoming",""))) | I8: =IF(AND(G8="",F8<>"",F8<TODAY()),TODAY()-F8,"")
H9: =IF(G9<>"","Paid",IF(AND(F9<>"",F9<TODAY()),"Overdue",IF(F9<>"","Upcoming",""))) | I9: =IF(AND(G9="",F9<>"",F9<TODAY()),TODAY()-F9,"")
H10: =IF(G10<>"","Paid",IF(AND(F10<>"",F10<TODAY()),"Overdue",IF(F10<>"","Upcoming",""))) | I10: =IF(AND(G10="",F10<>"",F10<TODAY()),TODAY()-F10,"")
H11: =IF(G11<>"","Paid",IF(AND(F11<>"",F11<TODAY()),"Overdue",IF(F11<>"","Upcoming",""))) | I11: =IF(AND(G11="",F11<>"",F11<TODAY()),TODAY()-F11,"")
H12: =IF(G12<>"","Paid",IF(AND(F12<>"",F12<TODAY()),"Overdue",IF(F12<>"","Upcoming",""))) | I12: =IF(AND(G12="",F12<>"",F12<TODAY()),TODAY()-F12,"")
H13: =IF(G13<>"","Paid",IF(AND(F13<>"",F13<TODAY()),"Overdue",IF(F13<>"","Upcoming",""))) | I13: =IF(AND(G13="",F13<>"",F13<TODAY()),TODAY()-F13,"")
... H301: =IF(G301<>"","Paid",IF(AND(F301<>"",F301<TODAY()),"Overdue",IF(F301<>"","Upcoming",""))) | I301: =IF(AND(G301="",F301<>"",F301<TODAY()),TODAY()-F301,"")
A303: Status and Days Overdue calculate automatically from Due Date and Date Paid — don't type into those two columns.

Sheet Reminder Dashboard
A2: Reminder Dashboard
A4: Total invoiced (all time) | B4: =SUM('Invoice Log'!$E$2:$E$301) | D4: How to use this tab
A5: Total outstanding (unpaid) | B5: =SUMIF('Invoice Log'!$G$2:$G$301,"",'Invoice Log'!$E$2:$E$301) | D5: The counts on the left tell you how many invoices need which reminder stage today.
D6: Filter the Invoice Log's Days Overdue column to find exactly which invoices they are.
A7: Invoices overdue | B7: =COUNTIF('Invoice Log'!$H$2:$H$301,"Overdue") | D7: Reminder email scripts for each stage are in the PDF guide.
A8: Invoices upcoming (not yet due) | B8: =COUNTIF('Invoice Log'!$H$2:$H$301,"Upcoming") | D8: Check this tab on a fixed schedule (weekly is enough) — don't wait until you happen to remember an invoice is late.
A9: Invoices paid | B9: =COUNTIF('Invoice Log'!$H$2:$H$301,"Paid")
A11: Overdue 1-6 days (send: Due date / 7-day reminder next) | B11: =COUNTIFS('Invoice Log'!$I$2:$I$301,">=1",'Invoice Log'!$I$2:$I$301,"<7")
A12: Overdue 7-13 days (send: 7-day firmer follow-up) | B12: =COUNTIFS('Invoice Log'!$I$2:$I$301,">=7",'Invoice Log'!$I$2:$I$301,"<14")
A13: Overdue 14+ days (send: final notice / consider escalation) | B13: =COUNTIFS('Invoice Log'!$I$2:$I$301,">=14")

Sheet Invoice Template
A2: INVOICE
A4: From (your business name)
A5: Your address / email
A7: Bill To (client / company)
A8: Client address / email
A10: Invoice #
A11: Date Issued
A12: Due Date
A13: Payment Terms
A16: Description | B16: Qty | C16: Rate | D16: Amount
D17: =IF(OR(B17="",C17=""),"",B17*C17)
D18: =IF(OR(B18="",C18=""),"",B18*C18)
D19: =IF(OR(B19="",C19=""),"",B19*C19)
D20: =IF(OR(B20="",C20=""),"",B20*C20)
D21: =IF(OR(B21="",C21=""),"",B21*C21)
D22: =IF(OR(B22="",C22=""),"",B22*C22)
D23: =IF(OR(B23="",C23=""),"",B23*C23)
D24: =IF(OR(B24="",C24=""),"",B24*C24)
D25: =IF(OR(B25="",C25=""),"",B25*C25)
D26: =IF(OR(B26="",C26=""),"",B26*C26)
C28: Subtotal | D28: =SUM(D17:D27)
C29: Tax % | D29: 0
C30: Total Due | D30: =D28*(1+D29/100)
A33: Payment methods accepted
A36: Late fee terms (state this if you use one — see PDF guide)
A40: Fill in the highlighted cells and either export this tab (File > Export/Print to PDF) or copy the layout into your invoicing tool of choice.
